{
	"objName": "Strawberry",
	"scripts": [[26, 123, [["whenIReceive", "game over"], ["hide"]]],
		[30,
			187,
			[["whenGreenFlag"],
				["doForever",
					[["doIf", ["touching:", "Pacman"], [["changeVar:by:", "Score", 5], ["hide"]]]]]]],
		[35, 37, [["whenGreenFlag"], ["gotoX:y:", -187, -74], ["show"]]]],
	"costumes": [{
			"costumeName": "Blue dot",
			"baseLayerID": 0,
			"baseLayerMD5": "544d55d90f54e5a5b765a778fe0de2e5.png",
			"bitmapResolution": 1,
			"rotationCenterX": 3,
			"rotationCenterY": 3
		},
		{
			"costumeName": "Lime",
			"baseLayerID": 1,
			"baseLayerMD5": "f7a958d90ef5ced63bae19bbada4ec86.png",
			"bitmapResolution": 1,
			"rotationCenterX": 22,
			"rotationCenterY": 26
		},
		{
			"costumeName": "apple",
			"baseLayerID": 2,
			"baseLayerMD5": "4223ca1fb9045e6593ad6aefb7d2b88c.png",
			"bitmapResolution": 1,
			"rotationCenterX": 25,
			"rotationCenterY": 24
		},
		{
			"costumeName": "apple1",
			"baseLayerID": 3,
			"baseLayerMD5": "ccd7d0970a36042bd45abe8eaec7a065.png",
			"bitmapResolution": 1,
			"rotationCenterX": 44,
			"rotationCenterY": 43
		},
		{
			"costumeName": "bee",
			"baseLayerID": 4,
			"baseLayerMD5": "b680c0d32e69ac00095c8fc041736edd.png",
			"bitmapResolution": 1,
			"rotationCenterX": 49,
			"rotationCenterY": 52
		},
		{
			"costumeName": "candy",
			"baseLayerID": 5,
			"baseLayerMD5": "a7474fcd601f117829d68f05ddaa490c.png",
			"bitmapResolution": 1,
			"rotationCenterX": 66,
			"rotationCenterY": 75
		},
		{
			"costumeName": "cheeseburger",
			"baseLayerID": 6,
			"baseLayerMD5": "32176852df8ca5365f87c812bb9a1930.png",
			"bitmapResolution": 1,
			"rotationCenterX": 46,
			"rotationCenterY": 49
		},
		{
			"costumeName": "cherry",
			"baseLayerID": 7,
			"baseLayerMD5": "92fc83de5863bbc0de0044444c4c9fda.png",
			"bitmapResolution": 1,
			"rotationCenterX": 25,
			"rotationCenterY": 26
		},
		{
			"costumeName": "cookie",
			"baseLayerID": 8,
			"baseLayerMD5": "14a4fff2e2eae75e444bf9bf62eec226.png",
			"bitmapResolution": 1,
			"rotationCenterX": 41,
			"rotationCenterY": 40
		},
		{
			"costumeName": "mushroomblue",
			"baseLayerID": 9,
			"baseLayerMD5": "9f15be3ae065fefc145b123c3f02b493.png",
			"bitmapResolution": 1,
			"rotationCenterX": 38,
			"rotationCenterY": 38
		},
		{
			"costumeName": "mushroomgreen",
			"baseLayerID": 10,
			"baseLayerMD5": "0dbe2e44587e224e58f6858539976824.png",
			"bitmapResolution": 1,
			"rotationCenterX": 39,
			"rotationCenterY": 35
		},
		{
			"costumeName": "mushroomred",
			"baseLayerID": 11,
			"baseLayerMD5": "f99435c4a9790db8928deab368af8c1e.png",
			"bitmapResolution": 1,
			"rotationCenterX": 37,
			"rotationCenterY": 36
		},
		{
			"costumeName": "penny",
			"baseLayerID": 12,
			"baseLayerMD5": "f546303decdb070a7be2b25fbf9597cc.png",
			"bitmapResolution": 1,
			"rotationCenterX": 41,
			"rotationCenterY": 40
		},
		{
			"costumeName": "redwhite",
			"baseLayerID": 13,
			"baseLayerMD5": "514d80db3ae91bd744a4d5504087ca09.png",
			"bitmapResolution": 1,
			"rotationCenterX": 41,
			"rotationCenterY": 42
		},
		{
			"costumeName": "snitch",
			"baseLayerID": 14,
			"baseLayerMD5": "75312723c323aa30fd9404279d2a94a9.png",
			"bitmapResolution": 1,
			"rotationCenterX": 35,
			"rotationCenterY": 25
		},
		{
			"costumeName": "strawberry",
			"baseLayerID": 15,
			"baseLayerMD5": "3095ec48e39dcdd852919b60c3d5e5bc.png",
			"bitmapResolution": 1,
			"rotationCenterX": 22,
			"rotationCenterY": 23
		},
		{
			"costumeName": "supermancoin",
			"baseLayerID": 16,
			"baseLayerMD5": "045bfde596dd01f19b405af1347f6025.png",
			"bitmapResolution": 1,
			"rotationCenterX": 44,
			"rotationCenterY": 41
		}],
	"currentCostumeIndex": 15,
	"scratchX": 0,
	"scratchY": 0,
	"scale": 0.8374842566836561,
	"direction": 90,
	"rotationStyle": "normal",
	"isDraggable": false,
	"indexInLibrary": 100000,
	"visible": true,
	"spriteInfo": {
	}
}